{
    "$schema": "./node_modules/@angular/cli/lib/config/schema.json",
    "project": {
        "name": "client"
    },
    "apps": [
        {
            "root": "src",
            "outDir": "dist",
            "assets": [
                "assets",
                "favicon.ico"
            ],
            "index": "index.html",
            "main": "main.ts",
            "polyfills": "polyfills.ts",
            "test": "test.ts",
            "tsconfig": "tsconfig.app.json",
            "testTsconfig": "tsconfig.spec.json",
            "prefix": "",
            "styles": [                
                "../node_modules/bootstrap/dist/css/bootstrap.min.css",
                "styles.css"
            ],
            "scripts": [
                "../node_modules/jquery/dist/jquery.min.js",
                "../node_modules/bootstrap/dist/js/bootstrap.min.js"
            ],
            "environmentSource": "environments/environment.ts",
            "environments": {
                "dev": "environments/environment.ts",
                "prod": "environments/environment.prod.ts"
            }
        }
    ],
    "lint": [
        {
            "project": "src/tsconfig.app.json"
        },
        {
            "project": "src/tsconfig.spec.json"
        },
        {
            "project": "e2e/tsconfig.e2e.json"
        }
    ],
    "defaults": {
        "styleExt": "css",
        "component": {}
    }
}